,Lane_No,Start_Time,End_Time
0,1,6.333756300000459,11.057260500001576
1,2,16.01927120000073,18.81323750000047
